aa_replaced,dG(kcal/mol),ddG(kcal/mol)
MUT_156CYS_192CYS:,-2095.526667,-3.407333333
MUT_358CYS_365CYS:,-2094.832333,-2.713
MUT_40CYS_59CYS:,-2094.379667,-2.260333333
MUT_159CYS_317CYS:,-2093.859,-1.739666667
MUT_166CYS_358CYS:,-2093.547,-1.427666667
MUT_192CYS_314CYS:,-2093.477,-1.357666667
MUT_114CYS_117CYS:,-2092.612333,-0.493
MUT_162CYS_356CYS:,-2092.350333,-0.231
MUT_45CYS_133CYS:,-2092.153667,-0.034333333
WT:,-2092.119333,0
MUT_126CYS_132CYS:,-2092.118667,0.000666667
MUT_365CYS_383CYS:,-2091.592333,0.527
MUT_154CYS_164CYS:,-2091.551667,0.567666667
MUT_23CYS_337CYS:,-2091.525667,0.593666667
MUT_22CYS_407CYS:,-2091.424,0.695333333
MUT_104CYS_300CYS:,-2091.392667,0.726666667
MUT_76CYS_91CYS:,-2090.863,1.256333333
MUT_192CYS_316CYS:,-2090.741,1.378333333
MUT_172CYS_218CYS:,-2090.703333,1.416
MUT_287CYS_348CYS:,-2090.572,1.547333333
MUT_334CYS_347CYS:,-2090.519333,1.6
MUT_154CYS_158CYS:,-2090.393333,1.726
MUT_363CYS_385CYS:,-2090.270667,1.848666667
MUT_9CYS_34CYS:,-2090.242333,1.877
MUT_110CYS_113CYS:,-2090.193333,1.926
MUT_87CYS_95CYS:,-2090.143667,1.975666667
MUT_107CYS_302CYS:,-2090.063667,2.055666667
MUT_289CYS_331CYS:,-2090.063,2.056333333
MUT_354CYS_369CYS:,-2090.029333,2.09
MUT_312CYS_316CYS:,-2089.920667,2.198666667
MUT_156CYS_227CYS:,-2089.896333,2.223
MUT_129CYS_132CYS:,-2089.867333,2.252
MUT_225CYS_313CYS:,-2089.576333,2.543
MUT_338CYS_343CYS:,-2089.561,2.558333333
MUT_338CYS_345CYS:,-2089.380333,2.739
MUT_77CYS_91CYS:,-2089.356667,2.762666667
MUT_12CYS_104CYS:,-2089.275,2.844333333
MUT_54CYS_57CYS:,-2089.167,2.952333333
MUT_80CYS_89CYS:,-2088.773,3.346333333
MUT_353CYS_370CYS:,-2088.417333,3.702
MUT_289CYS_332CYS:,-2088.377667,3.741666667
MUT_178CYS_180CYS:,-2088.354333,3.765
MUT_35CYS_77CYS:,-2088.336,3.783333333
MUT_31CYS_72CYS:,-2088.321,3.798333333
MUT_288CYS_335CYS:,-2088.305,3.814333333
MUT_10CYS_13CYS:,-2088.279333,3.84
MUT_335CYS_345CYS:,-2088.133,3.986333333
MUT_119CYS_126CYS:,-2088.051,4.068333333
MUT_110CYS_263CYS:,-2088.046,4.073333333
MUT_334CYS_345CYS:,-2087.99,4.129333333
MUT_37CYS_75CYS:,-2087.819333,4.3
MUT_156CYS_315CYS:,-2087.711333,4.408
MUT_359CYS_388CYS:,-2087.606667,4.512666667
MUT_359CYS_391CYS:,-2087.589667,4.529666667
MUT_12CYS_329CYS:,-2087.372,4.747333333
MUT_299CYS_303CYS:,-2087.348667,4.770666667
MUT_154CYS_261CYS:,-2087.167,4.952333333
MUT_78CYS_269CYS:,-2087.160333,4.959
MUT_48CYS_53CYS:,-2087.119667,4.999666667
MUT_82CYS_87CYS:,-2087.087,5.032333333
MUT_366CYS_382CYS:,-2087.051,5.068333333
MUT_188CYS_221CYS:,-2086.902,5.217333333
MUT_331CYS_347CYS:,-2086.805,5.314333333
MUT_204CYS_381CYS:,-2086.696667,5.422666667
MUT_191CYS_193CYS:,-2086.434667,5.684666667
MUT_255CYS_258CYS:,-2086.432667,5.686666667
MUT_5CYS_31CYS:,-2086.299667,5.819666667
MUT_299CYS_304CYS:,-2086.188,5.931333333
MUT_118CYS_121CYS:,-2086.072333,6.047
MUT_110CYS_265CYS:,-2086.043333,6.076
MUT_300CYS_328CYS:,-2085.998,6.121333333
MUT_47CYS_53CYS:,-2085.995,6.124333333
MUT_206CYS_209CYS:,-2085.969333,6.15
MUT_13CYS_104CYS:,-2085.900333,6.219
MUT_21CYS_30CYS:,-2085.883333,6.236
MUT_40CYS_130CYS:,-2085.866667,6.252666667
MUT_105CYS_303CYS:,-2085.800667,6.318666667
MUT_19CYS_333CYS:,-2085.741,6.378333333
MUT_2CYS_99CYS:,-2085.723333,6.396
MUT_6CYS_16CYS:,-2085.646,6.473333333
MUT_49CYS_127CYS:,-2085.613,6.506333333
MUT_41CYS_44CYS:,-2085.595333,6.524
MUT_384CYS_387CYS:,-2085.448667,6.670666667
MUT_76CYS_90CYS:,-2085.436667,6.682666667
MUT_300CYS_332CYS:,-2085.416667,6.702666667
MUT_149CYS_186CYS:,-2085.345667,6.773666667
MUT_207CYS_381CYS:,-2085.306667,6.812666667
MUT_282CYS_305CYS:,-2085.155,6.964333333
MUT_78CYS_88CYS:,-2085.122667,6.996666667
MUT_151CYS_255CYS:,-2085.063333,7.056
MUT_204CYS_369CYS:,-2085.028667,7.090666667
MUT_16CYS_329CYS:,-2085.024,7.095333333
MUT_147CYS_183CYS:,-2084.978667,7.140666667
MUT_49CYS_133CYS:,-2084.715667,7.403666667
MUT_48CYS_133CYS:,-2084.707333,7.412
MUT_2CYS_28CYS:,-2084.700333,7.419
MUT_149CYS_185CYS:,-2084.653,7.466333333
MUT_278CYS_282CYS:,-2084.619667,7.499666667
MUT_3CYS_29CYS:,-2084.387333,7.732
MUT_103CYS_299CYS:,-2084.337333,7.782
MUT_153CYS_190CYS:,-2084.117667,8.001666667
MUT_158CYS_261CYS:,-2084.050333,8.069
MUT_194CYS_312CYS:,-2083.91,8.209333333
MUT_151CYS_188CYS:,-2083.874667,8.244666667
MUT_82CYS_85CYS:,-2083.697333,8.422
MUT_157CYS_315CYS:,-2083.540667,8.578666667
MUT_376CYS_379CYS:,-2083.513333,8.606
MUT_193CYS_198CYS:,-2083.487333,8.632
MUT_44CYS_58CYS:,-2083.467667,8.651666667
MUT_283CYS_299CYS:,-2083.224667,8.894666667
MUT_17CYS_71CYS:,-2083.223333,8.896
MUT_242CYS_248CYS:,-2083.057667,9.061666667
MUT_116CYS_231CYS:,-2083.048667,9.070666667
MUT_266CYS_271CYS:,-2083.016667,9.102666667
MUT_291CYS_294CYS:,-2082.903333,9.216
MUT_230CYS_237CYS:,-2082.898667,9.220666667
MUT_89CYS_95CYS:,-2082.896333,9.223
MUT_364CYS_387CYS:,-2082.888333,9.231
MUT_125CYS_136CYS:,-2082.837,9.282333333
MUT_49CYS_136CYS:,-2082.704,9.415333333
MUT_51CYS_137CYS:,-2082.703333,9.416
MUT_20CYS_30CYS:,-2082.6,9.519333333
MUT_266CYS_281CYS:,-2082.464333,9.655
MUT_115CYS_230CYS:,-2082.438,9.681333333
MUT_366CYS_387CYS:,-2082.422,9.697333333
MUT_271CYS_281CYS:,-2082.4,9.719333333
MUT_124CYS_258CYS:,-2082.220667,9.898666667
MUT_236CYS_253CYS:,-2081.913667,10.20566667
MUT_105CYS_267CYS:,-2081.873667,10.24566667
MUT_9CYS_14CYS:,-2081.863667,10.25566667
MUT_197CYS_208CYS:,-2081.799667,10.31966667
MUT_109CYS_262CYS:,-2081.783667,10.33566667
MUT_6CYS_102CYS:,-2081.759667,10.35966667
MUT_107CYS_264CYS:,-2081.739667,10.37966667
MUT_328CYS_349CYS:,-2081.664,10.45533333
MUT_359CYS_364CYS:,-2081.633333,10.486
MUT_291CYS_297CYS:,-2081.580333,10.539
MUT_164CYS_261CYS:,-2081.517333,10.602
MUT_196CYS_212CYS:,-2081.406667,10.71266667
MUT_108CYS_267CYS:,-2081.395667,10.72366667
MUT_357CYS_391CYS:,-2081.204,10.91533333
MUT_127CYS_133CYS:,-2081.102333,11.017
MUT_108CYS_265CYS:,-2080.968667,11.15066667
MUT_24CYS_28CYS:,-2080.92,11.19933333
MUT_8CYS_13CYS:,-2080.736667,11.38266667
MUT_41CYS_58CYS:,-2080.576,11.54333333
MUT_236CYS_255CYS:,-2080.348,11.77133333
MUT_238CYS_251CYS:,-2080.163667,11.95566667
MUT_152CYS_168CYS:,-2080.065333,12.054
MUT_357CYS_366CYS:,-2079.993,12.12633333
MUT_111CYS_118CYS:,-2079.872,12.24733333
MUT_66CYS_71CYS:,-2079.853,12.26633333
MUT_175CYS_181CYS:,-2079.805,12.31433333
MUT_12CYS_301CYS:,-2079.796667,12.32266667
MUT_123CYS_255CYS:,-2079.737333,12.382
MUT_151CYS_258CYS:,-2079.682667,12.43666667
MUT_33CYS_74CYS:,-2079.614333,12.505
MUT_103CYS_303CYS:,-2079.551333,12.568
MUT_197CYS_211CYS:,-2079.468,12.65133333
MUT_17CYS_32CYS:,-2079.413667,12.70566667
MUT_189CYS_222CYS:,-2079.123667,12.99566667
MUT_364CYS_388CYS:,-2079.060333,13.059
MUT_367CYS_381CYS:,-2078.633,13.48633333
MUT_301CYS_325CYS:,-2078.492667,13.62666667
MUT_298CYS_332CYS:,-2078.352333,13.767
MUT_9CYS_32CYS:,-2078.217667,13.90166667
MUT_273CYS_276CYS:,-2078.074667,14.04466667
MUT_88CYS_96CYS:,-2078.052,14.06733333
MUT_149CYS_254CYS:,-2077.988,14.13133333
MUT_204CYS_367CYS:,-2077.465667,14.65366667
MUT_352CYS_372CYS:,-2076.744333,15.375
MUT_205CYS_381CYS:,-2076.692667,15.42666667
MUT_8CYS_104CYS:,-2076.658667,15.46066667
MUT_5CYS_101CYS:,-2076.638333,15.481
MUT_102CYS_298CYS:,-2076.344,15.77533333
MUT_101CYS_297CYS:,-2076.116667,16.00266667
MUT_4CYS_100CYS:,-2075.877333,16.242
MUT_6CYS_32CYS:,-2075.673,16.44633333
MUT_148CYS_256CYS:,-2075.491,16.62833333
MUT_98CYS_101CYS:,-2074.782333,17.337
MUT_47CYS_52CYS:,-2074.776333,17.343
MUT_8CYS_105CYS:,-2074.445667,17.67366667
MUT_294CYS_297CYS:,-2074.016333,18.103
MUT_18CYS_406CYS:,-2072.757667,19.36166667
MUT_150CYS_187CYS:,-2072.567667,19.55166667
MUT_5CYS_98CYS:,-2072.548,19.57133333
MUT_197CYS_207CYS:,-2071.946,20.17333333
MUT_143CYS_257CYS:,-2071.382,20.73733333
MUT_215CYS_220CYS:,-2070.200333,21.919
MUT_189CYS_220CYS:,-2066.586,25.53333333
